{"schemaVersion":"1.0","appDefinitionTemplate":{"id":"/providers/Microsoft.PowerApps/apps/","type":"Microsoft.PowerApps/apps","tags":{"primaryDeviceWidth":"1136","primaryDeviceHeight":"640","supportsPortrait":"false","supportsLandscape":"true","primaryFormFactor":"Phone","showStatusBar":"false","publisherVersion":"3.23084.14","minimumRequiredApiVersion":"2.2.0","hasComponent":"true","hasUnlockedComponent":"true","isUnifiedRootApp":"false","sienaVersion":"20230912T042147Z-3.23084.14.0"},"properties":{"appVersion":"2023-09-12T04:21:47Z","lifeCycleId":"Published","createdByClientVersion":{"major":3,"minor":23084,"build":14,"revision":0,"majorRevision":0,"minorRevision":0},"minClientVersion":{"major":3,"minor":23084,"build":14,"revision":0,"majorRevision":0,"minorRevision":0},"backgroundColor":"rgba(232, 244, 217, 1)","backgroundImageUri":"/4106892714977390367/N22deef15-8a1f-482b-a75b-dcbd74264326-logoSmallFile","displayName":"EHS - Inspection Apps - new","description":"","commitMessage":"","appUris":{"documentUri":{"value":"/4106892714977390367/Nef94adde-dcc3-4501-8ccc-767ee392e54c-document.msapp"},"imageUris":[],"additionalUris":[]},"createdTime":"0001-01-01T00:00:00Z","lastModifiedTime":"0001-01-01T00:00:00Z","sharedGroupsCount":0,"sharedUsersCount":0,"connectionReferences":{"e9ff63bd-1152-4f0e-a544-bf39325af05f":{"id":"21c8f2bd-0c5b-4a4c-9ce8-2e60a6282b5a","displayName":"SharePoint","iconUri":"https://connectoricons-prod.azureedge.net/u/laborbol/partial-builds/ase-v3/1.0.1653.3402/sharepointonline/icon.png","dataSources":["adminList","Department","Focus Area","Area Affected","General Topics","Thematic Topics","Inspectors","General Question","Thematic Question","Schedule Master"],"dependencies":[],"dependents":[],"parameterHints":{},"parameterHintsV2":{},"isOnPremiseConnection":false,"bypassConsent":false,"dataSets":{"https://haleon.sharepoint.com/sites/HALEON-ProjectApps":{"dataSources":{"adminList":{"tableName":"390e8a6d-92c0-4da6-9b7e-95b16d5846d1"},"Department":{"tableName":"47904e54-aec0-47fa-b351-c212e35794d8"},"Focus Area":{"tableName":"59475ff7-5583-471a-9639-ee1ee2c88933"},"Area Affected":{"tableName":"7dff9b14-7e86-4376-ad9d-b0c7ca2c7e34"},"General Topics":{"tableName":"56d2f720-9bde-4da1-85eb-447c078e5ef6"},"Thematic Topics":{"tableName":"fab81b23-45b6-49cc-9e88-cb99557906b3"},"Inspectors":{"tableName":"590728a9-7091-4422-8456-ab03ca580816"},"General Question":{"tableName":"7c4ba8f7-e677-4f02-a6dd-6945fd84f5b8"},"Thematic Question":{"tableName":"ed7f8513-939a-49a1-a43c-7c4beb9c1960"},"Schedule Master":{"tableName":"c0765e77-856f-4a33-a0d5-a78f58d0f5c5"}}}},"apiTier":"Standard","isCustomApiConnection":false,"actions":["providers/PowerPlatform.Governance/Operations/Read","providers/PowerPlatform.Governance/Operations/Write","providers/PowerPlatform.Governance/Operations/Delete"]},"3196b177-9f1b-4e25-b070-e4bcfe2a1096":{"id":"12fc4a55-77ae-45de-a5a6-c70446446f3f","displayName":"Office 365 Users","iconUri":"https://connectoricons-prod.azureedge.net/u/laborbol/partial-builds/ase-v3/1.0.1653.3402/office365users/icon.png","dataSources":["Office365Users"],"dependencies":[],"dependents":[],"parameterHints":{},"parameterHintsV2":{},"isOnPremiseConnection":false,"bypassConsent":false,"dataSets":{},"apiTier":"Standard","isCustomApiConnection":false}},"databaseReferences":{},"almMode":"Environment","performanceOptimizationEnabled":true,"canConsumeAppPass":true,"enableModernRuntimeMode":false,"executionRestrictions":{"isTeamsOnly":false,"dataLossPreventionEvaluationResult":{"status":"Compliant","lastEvaluationDate":"2023-09-07T21:21:36.4001396Z","violations":[],"violationsByPolicy":[],"violationErrorMessage":"The app uses the following connectors: shared_sharepointonline, shared_office365users."}}},"appType":"ClassicCanvasApp","appComponents":[]}}